Name,Summary,Purpose,Link,Creation Date
A Day In GPT Land,A GPT who guides the user through an entire day coming up with a random fun itinerary,GPT Development,https://chatgpt.com/g/g-FiD7qP5nQ-a-day-in-gpt-land,2024-07-16
Agenda For The Pub,Formats discussion points into a friendly meeting agenda with drink break suggestions.,Admin,https://chatgpt.com/g/g-kUnX6lKVm-agenda-for-the-pub,2024-07-11
AI Could Help Here!,Identifies ways AI and GPTs can improve your life suggesting concrete use-cases,"Productivity,Stack Enhancement",https://chatgpt.com/g/g-9V1PGBmlv-ai-could-help-here,2024-07-11
AI Tech Advisor,Suggests emerging AI technologies for specific use cases.,Technology,https://chatgpt.com/g/g-SwX92pm8c-ai-tech-advisor,2024-07-10
Airport Food Options,Identifies food and drink options at an airport,Research Assistance,https://chatgpt.com/g/g-898ZTQxjw-airport-food-options,2024-07-16
Architecture & Urban Planning Facts,A GPT for the spouses of architects and urban planning enthusiasts to see more informed,Research Assistance,https://chatgpt.com/g/g-ZsVrgI9di-architecture-urban-planning-facts,2024-07-15
Assertiveness Coach,Coaches users to be more assertive and set boundaries.,Mental health,https://chatgpt.com/g/g-bZ6ZOCq8Z-assertiveness-coach,2024-07-10
Automate My Workflow,"A strategist guiding you towards total job automation, one task at a time.",Organisation,https://chatgpt.com/g/g-SaJGzEr7O-automate-my-workflow,2024-07-10
Awkward Waiter Interaction Maker,"This GPT specialises in suggesting weird questions to ask of wait staff at a restaurant or bar. The GPT should focus on suggesting unusual questions that are likely to create an awkward atmosphere for everybody involves, especially the wait staff. It should also suggest ways to progressively increase the level of awkwardness by learning from context about the interaction.",Fun,https://chatgpt.com/g/g-g3qaPcnFZ-awkward-waiter-interaction-maker,2024-07-14
Backoffice Development Copilot,"A GPT which guides users through the process of developing effective backoffice and administrative systems for both personal and business uses, highlighting opportunities for AI enhancement and systems integration where possible",Organisation,https://chatgpt.com/g/g-gdDolOeNm-backoffice-development-copilot,2024-07-12
Backpack Advisor,Your personal guide to finding the perfect backpack.,Research Assistance,https://chatgpt.com/g/g-dvuAHiMeN-backpack-advisor,2024-07-17
Backup Coach,A GPT to assess the user's backup approach for a given data store and suggest ideas for improvement,Technology,https://chatgpt.com/g/g-hPangtCss-backup-coach,2024-07-18
Bad Jokes Galore,Need some bad jokes to bore your relatives with? This GPT has you covered!,Fun,https://chatgpt.com/g/g-T0GuqULqF-bad-jokes-galore,2024-07-18
Beer Tap Identifier,Identifies and describes beers from photos of beer taps.,Research Assistance,https://chatgpt.com/g/g-To4LJ5qvI-beer-tap-identifier,2024-07-17
Brainstorming Assistant,GPT which provides guidance to help the user have effective brainstorming sessions,Professional Development,https://chatgpt.com/g/g-nqw5EokfU-brainstorming-assistant,2024-07-19
BrandReliabilityGPT,Helps users gauge the reliability of brands.,Research Assistance,https://chatgpt.com/g/g-XB1T89x31-brandreliabilitygpt,2024-07-17
Brief Generator,Summarizes and organizes activities into brief reports with highlights for deadlines.,Work tool,https://chatgpt.com/g/g-v9bULcFsS-brief-generator,2024-07-14
Business Continuity Advisor,A bot to advise upon the level of resilience of your business processes,Preparedness,https://chatgpt.com/g/g-3xcGPBeU0-business-continuity-advisor,2024-07-16
Career Pivot Ideator,Suggests minor career pivots that users could take to work in more fulfilling jobs,Research Assistance,https://chatgpt.com/g/g-YsvxFjdDB-career-pivot-ideator,2024-07-15
ChatGPT Capabilities Miner,Answers questions about ChatGPT capabilities and custom models.,GPT Development,https://chatgpt.com/g/g-x1RD3GXRZ-chatgpt-capabilities-miner,2024-07-09
ChatGPT Prompt Engineering Buddy,A GPT which advises users upon how to craft prompts to get the best results on ChatGPT,GPT Development,https://chatgpt.com/g/g-8xZmugrKD-chatgpt-prompt-engineering-buddy,2024-07-18
Concerned Planner,"Highlights potential problems in situations, expressing concern and care.",Preparedness,https://chatgpt.com/g/g-PNiUadYtL-concerned-planner,2024-07-10
Custom GPT Creator,Helps brainstorm and create custom GPTs with detailed instructions.,GPT Development,https://chatgpt.com/g/g-Sg1Uvkc5e-custom-gpt-creator,2024-07-10
Daily Schedule Manager,GPT for creating a daily schedule,Organisation,https://chatgpt.com/g/g-aId4Jee9a-daily-schedule-manager,2024-07-14
Data Visualisation & Storytelling Guide,Guides users towards thinking about how data could be effectively visualised including through leveraging mixed media.,Data Discovery,https://chatgpt.com/g/g-r2ms27CFU-data-visualisation-storytelling-guide,2024-07-11
Detail Overload,Complicates simple social arrangements with exhaustive detail.,Prank,https://chatgpt.com/g/g-I72dFES2R-detail-overload,2024-07-10
Disaster Debrief Assistant,A GPT to empathetically help the user to debrief from an event in which things went wrong,Preparedness,https://chatgpt.com/g/g-UHFWorGUH-disaster-debrief-assistant,2024-07-16
Disaster Preparedness Expert,Generates detailed disaster scenarios and preparedness steps.,Preparedness,https://chatgpt.com/g/g-LoHCuhe5q-disaster-preparedness-expert,2024-07-13
Disaster Scenario Ideator,A GPT to create disaster scenarios to assist with realistic preparedness planning. Outputs as briefs.,Preparedness,https://chatgpt.com/g/g-RkR2Uvsg2-disaster-scenario-ideator,2024-07-15
Discount Negotiator,Helps users craft polite discount request templates.,Organisation,https://chatgpt.com/g/g-n303I0WoG-discount-negotiator,2024-07-17
Do We Need This Meeting?,An organisation to screen out unnecessary meetings and suggest alternative approaches,Organisation,https://chatgpt.com/g/g-MKuuCzRAo-do-we-need-this-meeting,2024-07-14
Document Stats And Numbers Miner,A GPT which parses user-uploaded documents and identifies statistics and data tables contained in them. The GPT outputs a report attempting to assess how noteworthy the stats are.,Research Assistance,https://chatgpt.com/g/g-4cjYLd5j5-documents-stats-and-numbers-miner,2024-07-18
Don't Custom GPT Alone!,A GPT to help custom GPT builders and enthusiasts to find others who share their passion and belief in this AI application,GPT Development,https://chatgpt.com/g/g-oQJ8UozJB-don-t-custom-gpt-alone,2024-07-18
Dummy Tech Project Ideator,GPT for coming up with dummy projects for helping users to learn about different technologies,Research Assistance,https://chatgpt.com/g/g-jS50pH8gq-dummy-tech-project-ideator,2024-07-15
Email Disaster,"Writes poorly written, haphazard emails with typos.",Prank,https://chatgpt.com/g/g-iHE2khK0N-email-disaster,2024-07-10
Email Optimiser,"Refines and organizes draft emails, suggesting subject lines and reformatting content.","Work tool,Writing",https://chatgpt.com/g/g-IIErWVz2I-email-optimizer,2024-07-12
Engaging Conversationalist,"Helps navigate and fill awkward conversation gaps with happy, curious, and engaging suggestions.",Fun,https://chatgpt.com/g/g-vIJZNZixf-engaging-conversationalist,2024-07-17
Fedora Hardware Finder,A GPT which tries to find hardware that Fedora users have reported to be compatible with this Linux distro,Technology,https://chatgpt.com/g/g-aOzPvSNRd-fedora-hardware-finder,2024-07-18
Find A Bar Near Me,Helps users find highly rated bars in their locality,Food And Drink,https://chatgpt.com/g/g-rFAJ9RX2e-find-a-bar-near-me,2024-07-13
Find Me A Guinness,Helps find the nearest places serving Guinness with reviews and details.,Food And Drink,https://chatgpt.com/g/g-wL3ppkb3a-find-me-a-guinness,2024-07-11
Find Me Compatible Hardware,A GPT that remembers your hardware and suggests compatible hardware for it,Research Assistance,https://chatgpt.com/g/g-EaJ2gATCY-find-me-compatible-hardware,2024-07-16
Flight Mode,Helps users stay productive on long haul flights without internet.,Productivity,https://chatgpt.com/g/g-K9jZ9Y6TG-flight-mode,2024-07-15
Forgetting Something?,Friendly assistant to remind you of belongings before you leave.,Organisation,https://chatgpt.com/g/g-jYk6yd9Di-forgetting-something,2024-07-14
Grow With My Job,A GPT to help users identify ways to grow professionally within the context of their current job,Professional Development,https://chatgpt.com/g/g-v3vKpYxCq-grow-with-my-job,2024-07-19
Help Me Remember That!,"If you struggle with remembering details, this GPT is designed to quickly come up with memory aids so that you can recall information",Organisation,https://chatgpt.com/g/g-LsMB3CJRJ-help-me-remember-that,2024-07-18
If We Don't Change...,A GPT to highlight the potential costs of humanity failing to tackle vital issues including climate change,Research Assistance,https://chatgpt.com/g/g-AltOe5P4k-if-we-don-t-change,2024-07-18
In Flight Wifi?,A GPT to identify whether there will be in-flight internet available,Organisation,https://chatgpt.com/g/g-Fn8g9FV5L-in-flight-wifi,2024-07-14
Indian and Nepalese Restaurant Finder,Attempts to locate Indian or Nepalese restaurants in proximity to the user,Food And Drink,https://chatgpt.com/g/g-XgbuzuhlV-indian-and-nepalese-restaurant-finder,2024-07-13
Interview Socializer,Structures social interactions like formal interviews with TV host enthusiasm.,Fun,https://chatgpt.com/g/g-UzJ8gKmiC-interview-socializer,2024-07-16
Invert The Negative,A GPT to suggest ways to reframe every experience to find the positive aspects,Mental health,https://chatgpt.com/g/g-DrKLibhE7-invert-the-negative,2024-07-19
Iterative GPT Suggester,Suggests useful prompts for a given context and objective.,GPT Development,https://chatgpt.com/g/g-pAMcuKrp4-iterative-gpt-suggester,2024-07-10
Job Performance Coach,Helps users perform impressively at work,Professional Development,https://chatgpt.com/g/g-lJNf8Km5p-job-performance-coach,2024-07-19
Keep Me On Time,This GPT tries to act as a personal assistant focused on helping the user to keep to a predetermined daily schedule,"Time Management,Diary and Calendar,Productivity",https://chatgpt.com/g/g-hyQHLgj8R-keep-me-on-time,2024-07-10
Late Night Venues,A GPT to help find nearby places that are open late,Food And Drink,https://chatgpt.com/g/g-PQov1b27b-late-night-venues,2024-07-14
Let's Change The World,A GPT to guide and encourage users to develop effective advocacy campaigns for causes that matter to them,Organisation,https://chatgpt.com/g/g-rrir54rrF-let-s-change-the-world,2024-07-17
Let's Work Remotely!,Suggests remote working ideas based on location.,Productivity,https://chatgpt.com/g/g-HC29931QG-let-s-work-remotely,2024-07-11
Life Advisory Bot,GPT which generates extensive and elaborate life advice intended for the user to share with third parties,Fun,https://chatgpt.com/g/g-ZjJxLzcu7-life-advisory-bot,2024-07-18
Life's A Musical,Identifies opportunities to break into song and provides lyrics.,Fun,https://chatgpt.com/g/g-uuGR6h936-life-s-a-musical,2024-07-16
Local Duds: Food And Drink,Recommends low-rated experiences near a given location with a focus on poorly-rated restaurants and bars,Fun,https://chatgpt.com/g/g-bmJww9D6T-local-duds-food-and-drink,2024-07-13
Location Based Threat Briefer,A GPT which offers preparedness briefs for specific locations that the user selects,Preparedness,https://chatgpt.com/g/g-r5Cxk7r97-location-based-threat-briefer,2024-07-18
Lousy Pun Joke Generator, A GPT for creating bad pun jokes,Fun,https://chatgpt.com/g/g-UBE0QLWee-lousy-pun-joke-generator,2024-07-18
Low Fat Food Options,Analyses images of menus at restaurants in order to help users identify dishes with a lower predicted fat content.,Mental health,https://chatgpt.com/g/g-leNSucp1I-low-fat-food-options,2024-07-13
Medieval English Text Generator,Converts text into Medieval English with rare words.,Prank,https://chatgpt.com/g/g-dYPsQgieu-medieval-english-text-generator,2024-07-10
Overbearing Host Helper,Guides hosts to be excessively attentive and intrusive.,Prank,https://chatgpt.com/g/g-ko68ArWek-overbearing-host-helper,2024-07-10
PostgreSQL Expert,"Answers questions and helps with PostgreSQL queries and concepts, from basics to advanced use cases in a friendly tone.",Technology,https://chatgpt.com/g/g-gYptVuav6-postgresql-expert,2024-07-15
Preparedness Advisor,Proactively assesses and improves disaster preparedness.,Preparedness,https://chatgpt.com/g/g-YoGDlToV7-preparedness-advisor,
Preparedness Brief Creator,A GPT that creates elaborate briefs helping users to advance their preparedness for specific scenarios,Preparedness,https://chatgpt.com/g/g-SyuJVbnaa-preparedness-brief-creator,2024-07-16
Preparedness Partner,Suggests collaborative preparedness initiatives.,Preparedness,https://chatgpt.com/g/g-151yxNePL-preparedness-partner,
Present Selection Helper,A GPT to help the user buy thoughtful gifts that will be appreciated,Organisation,https://chatgpt.com/g/g-jXHLHropx-present-selection-helper,2024-07-18
Pub Crawl Creator,Design a sample itinerary for a pub crawl,Travel,https://chatgpt.com/g/g-BLmCqk9lY-pub-crawl-creator,2024-07-15
Quick Email Template Generator,A GPT for creating email templates when you need to repeat similar content in multiple emails,Productivity,https://chatgpt.com/g/g-XyhXTABJP-quick-email-template-generator,2024-07-18
"Quiet, Please!","A GPT to help those who live with sound sensitivity to find places to get some peace and quiet, whether for work or lesiure",Travel,https://chatgpt.com/g/g-DP63EeIhs-quiet-please,2024-07-18
Rain Expected,Ascertains whether rain is expected based upon the user's location,Organisation,https://chatgpt.com/g/g-VcB0X78pi-rain-on-the-way,2024-07-14
Recent Documentary Finder,Suggests recent documentaries for documentary fiends who have already seen all the good ones!,Fun,https://chatgpt.com/g/g-p3uEijTce-recent-documentary-finder,2024-07-15
Recent Report Finder,A GPT for finding recently published reports within a user's area of interest,Research Assistance,https://chatgpt.com/g/g-28mgr7MNJ-recent-report-finder,2024-07-18
Research With Python Tutorials Generator,A GPT to coach the user to achieve research objectives using Python,Technology,https://chatgpt.com/g/g-cXeV3yszL-research-with-python-tutorials,2024-07-18
Ruggedized Product Finder,A GPT to help the user find ruggedized products,Research Assistance,https://chatgpt.com/g/g-1aq9Lm73u-ruggedized-product-finder,2024-07-16
Safety Scout,Proactively identifies threats and provides safety advice for users before they leave the house.,Preparedness,https://chatgpt.com/g/g-HnoP26sjY-safety-scout,2024-07-16
Schema Genie,Assists in creating comprehensive Postgres database schemas.,Data Discovery,https://chatgpt.com/g/g-5cNjzPcmY-schema-genie,2024-07-15
Self-Guided Walking Tour Creator,This GPT generates itineraries for self-guided walking tours anywhere in the world,Travel,https://chatgpt.com/g/g-eIQo90lpJ-self-guided-walking-tour-creator,2024-07-15
Self-Hosted Tech Finder,A GPT which tries to identify self-hostable alternatives to SaaS offerings,Technology,https://chatgpt.com/g/g-hTkt9hW9b-self-hosted-tech-finder,2024-07-14
Shakesperean Scribe,Transforms text into Shakespearean prose,Prank,https://chatgpt.com/g/g-m10sehx5O-shakespearean-scribe,
Social Agenda Creator,Creates detailed and formal agendas for social meetings.,Prank,https://chatgpt.com/g/g-RBiNxEIse-social-agenda-creator,
Social Awkwardness Engineer,Creates socially awkward situations based on given scenarios.,Fun,https://chatgpt.com/g/g-uI9E4LPzp-social-awkwardness-engineer,2024-07-10
Sound Sensitivity Explainer,A GPT to empower those with sound sensitivity to explain their condition to others and encourage them to advocate for themselves,Fun,https://chatgpt.com/g/g-eGboIz4bB-sound-sensitivity-explainer,2024-07-18
Stack Research Assistant,A GPT for suggesting stack options for a particular technical objective,Technology,https://chatgpt.com/g/g-1YCZiSetK-stack-research-assistant,2024-07-14
Stat Update Helper,Helps users update old statistics with reliable new data.,Work tool,https://chatgpt.com/g/g-1YeLaQ3PR-stat-update-helper,2024-07-17
Subreddit Finder,`,Technology,https://chatgpt.com/g/g-gYmQi2t6t-subreddit-explorer,2024-07-13
Sustainable Living Advisor,A GPT which provides concrete sustainable living recommendations based upon user requests,Research Assistance,https://chatgpt.com/g/g-QO1EZ82Az-sustainable-living-advisor,2024-07-18
Tech Improvement Guide,A GPT for guiding the user towards resolving a technical difficulty,Productivity,https://chatgpt.com/g/g-iUpxWa7xe-tech-improvement-guide,2024-07-14
Tech Product Finder,GPT which receives a spec from the user and then identifies potential products,Technology,https://chatgpt.com/g/g-VYWtk1FeY-tech-product-finder,2024-07-18
Tech Stack Optimizer,Suggests AI/GPT solutions to improve your technology stack.,Technology,https://chatgpt.com/g/g-p4gPcrdF2-tech-stack-optimizer,2024-07-11
Text Fixer (British English),"Automatically fixes typos, punctuation, and capitalization according to UK conventions.",Organisation,https://chatgpt.com/g/g-9q9Esq0Nk-text-fixer-british-english,2024-07-14
The Checklist Pro,"Generates tailored checklists to ensure safety, preparedness, and completeness for various activities and contexts.",Organisation,https://chatgpt.com/g/g-xE1MjiydB-checklist-pro,
The Fake Wine Buff,A GPT to help the user give the illusion of knowing a lot about wine,Food And Drink,https://chatgpt.com/g/g-vYGHvWOWm-the-fake-wine-buff,2024-07-15
The Family Newsletter Bore,A GPT to generate joke emails to relatives in the style of a retiree,Fun,https://chatgpt.com/g/g-0D7HblT1a-the-family-newsletter-bore,2024-07-18
The Platitude King,Shares dull platitudes and suggests bland images for Facebook posts.,Prank,https://chatgpt.com/g/g-dcg8hTHPA-the-platitude-king,2024-07-11
The Prank Master,GPT for suggesting personal jokes and pranks,Fun,https://chatgpt.com/g/g-XVoggFgtW-the-prank-master,2024-07-18
The Professional Skeptic,A GPT designed to probe claims and push sources,Organisation,https://chatgpt.com/g/g-lWV9aFBg2-the-professional-skeptic,2024-07-03
The Serene Soother,Serene calming phrase suggestions to pacify and delight,Fun,https://chatgpt.com/g/g-MFx7SR735-the-serene-soother,2024-07-19
The Sunrise Riser: Sleeping Hours Suggester,A GPT which finds sunrise times and suggests target bed times based upon users' personal sleep preferences,Mental health,https://chatgpt.com/g/g-Qh6iivhr5-the-sunrise-riser-sleeping-hours-suggester,2024-07-17
Topic To Subreddit,A GPT which suggests subreddits where a certain topic is commonly discussed,Technology,https://chatgpt.com/g/g-roc7XprOI-topic-to-subreddit,2024-07-18
Travel Prep Pro,"Your ultimate trip preparation assistant, ensuring you're ready for every aspect of your journey.",Organisation,https://chatgpt.com/g/g-KU1PJR5kq-travel-prep-pro,
True Story Movie Recommender,Personalized biopics and documentary movie recommendation GPT,Fun,https://chatgpt.com/g/g-IyCCkqm6p-true-story-movie-recommender,2024-07-11
Tuna Pizza Finder,Helps users find nearby restaurants serving tuna pizza.,Fun,https://chatgpt.com/g/g-DeWA8Y0xp-tuna-pizza-finder,2024-07-10
Typo Master,"Generates text with many typos, errors, unnecessary accents, and random symbols.",Prank,https://chatgpt.com/g/g-C7FFL6OCw-typo-master,2024-07-11
Vacation Doomsday Prepper,Generates vacation preparedness strategies with detailed risk assessments and task assignments.,Preparedness,https://chatgpt.com/g/g-N8fRoxEJW-vacation-doomsday-prepper,2024-07-10
Vacation Gamification Bot,A GPT with the express purpose of gamifying your vacation!,Travel,https://chatgpt.com/g/g-hW4zTH8cU-vacation-gamification-bot,2024-07-15
Voice Mode Mentor,Helps users optimize ChatGPT with integrated earbuds.,GPT Development,https://chatgpt.com/g/g-zkSIZR5rJ-voice-mode-mentor,2024-07-16
Weekly Work Planner,Helps the user formulate a weekly work plan,Organisation,https://chatgpt.com/g/g-s5M34exEU-weekly-work-planner,2024-07-14
Weekly Workflow Planning Assistant,Weekly Workflow Planning Assistant,Organisation,https://chatgpt.com/g/g-ax67GB1Hy-weekly-workflow-planning-assistant,2024-07-14
Worst Eats Guide,Recommends lowest-rated food and drink establishments.,"Travel,Food And Drink",https://chatgpt.com/g/g-0U0DVdUlH-worst-eats-guide,2024-07-13
Ye Olde Text Converter,"Converts text into formal, old-fashioned language.",Fun,https://chatgpt.com/g/g-fbjpnwBGj-ye-olde-text-converter,2024-07-11
Your Friendly AI Prof,"An enthusiastic AI expert named Herman, explaining complex concepts simply.",Technology,https://chatgpt.com/g/g-Ng2MfGJYV-your-friendly-ai-prof,2024-07-16
